{
    "type": "minecraft:jigsaw",
    "start_pool": "grovevillage:grove/start_pool",
    "size": 2,
    "max_distance_from_center": 80,
    "biomes": "#grovevillage:has_structure/cherry_grove_village",
    "step": "surface_structures",
    "start_height": {
        "absolute": 0
    },
    "project_start_to_heightmap": "WORLD_SURFACE_WG",
    "use_expansion_hack": false,
    "spawn_overrides": {
        "creature": {
            "bounding_box": "piece",
            "spawns": [{
                "type": "minecraft:parrot",
                "weight": 1,
                "minCount": 1,
                "maxCount": 4
            }]
        }
    }
}